{
    "results": [
      {
        "id": 0,
        "lat": 55.711373,
        "lng": 12.567350,
        "category": "trash",
        "timestamp": "October 13, 2014"
      },
      {
        "id": 1,
        "lat": 55.658749,
        "lng": 12.591923,
        "category": "shit",
        "timestamp": "January 15, 2018"
      },
      {
        "id": 2,
        "lat": 55.660237,
        "lng": 12.588962,
        "category": "glass",
        "timestamp": "January 15, 2020"
      },
      {
        "id": 3,
        "lat": 55.660800,
        "lng": 12.589692,
        "category": "syringe",
        "timestamp": "May 22, 2020"
      },
      {
        "id": 4,
        "lat": 55.659641,
        "lng": 12.591055,
        "category": "shit",
        "timestamp": "June 11, 2020"
      },
      {
        "id": 5,
        "lat": 55.660842,
        "lng": 12.593077,
        "category": "trash",
        "timestamp": "January 15, 2015"
      },
      {
        "id": 6,
        "lat": 55.660170,
        "lng": 12.592668,
        "category": "trash",
        "timestamp": "January 15, 2015"
      },
      {
        "id": 7,
        "lat": 55.690170,
        "lng": 12.612668,
        "category": "other",
        "timestamp": "January 15, 2015"
      },
      {
        "id": 8,
        "lat": 55.711137,
        "lng": 12.566305,
        "category": "shit",
        "timestamp": "January 15, 2015"
      }
    ]
}
